date,stargazers,commits,contributors,traffic_views,traffic_uniques,clones_count,clones_uniques
2025-12-17,0,19,1,0,0,0,0
2025-12-18,0,19,1,0,0,0,0
2025-12-19,0,19,1,0,0,0,0
2025-12-20,0,19,1,0,0,0,0
2025-12-21,0,19,1,0,0,0,0
2025-12-22,0,19,1,0,0,0,0
2025-12-23,0,19,1,0,0,0,0
2025-12-24,0,19,1,0,0,0,0
2025-12-25,0,19,1,0,0,0,0
2025-12-26,0,19,1,0,0,0,0
2025-12-27,0,19,1,0,0,0,0
2025-12-28,0,19,1,0,0,0,0
2025-12-29,0,19,1,0,0,0,0
2025-12-30,0,19,1,0,0,0,0
2025-12-31,0,30,1,0,0,0,0
2026-01-01,0,35,1,0,0,0,0
2026-01-02,0,35,1,0,0,0,0
2026-01-03,0,35,1,0,0,0,0
2026-01-04,0,35,1,0,0,0,0
2026-01-05,0,38,1,0,0,0,0
2026-01-06,0,44,1,0,0,0,0